personId,name,email,dob,address1,address2,city,state,zip,majorIds,bedId
50e287da-ad3a-4ad2-b6d9-af2151980511,Alice Brown,alice.brown@example.com,4/6/1964,955 Cedar St,, Fairview, IL,,"12c5d420-9bbc-455d-9794-7780bc5fea5b, 9dd4dfda-b0d2-4d4a-8642-a44db00f4a15",d2897207-c5ad-4fd4-bbe7-9af2dbd6621f
7c94c883-20d4-46ab-a81d-3e2f89e1b195,Alice Davis,alice.davis@example.com,11/8/1990,487 Pine St,, Springfield, CA,,,5de80aef-9ee8-47b1-942f-1b900c39b8e3
7039a8bd-5478-4626-969d-c42d5776650d,Alice Doe,alice.doe@example.com,8/9/1952,883 Spruce St,, Riverside, OH,,4ff85e34-9da3-47f2-beee-ec6175d82186,
6c118356-92d8-4773-95ea-72df0fb7c4b6,Alice Johnson,alice.johnson@example.com,1/15/1952,122 Elm St,, Riverside, IL,,"dda33b53-0fff-4371-8a45-35a2192e86e8, c782f52b-d7ac-47f5-836a-376e4fccf31f, 3c0ebd74-4105-4532-a321-39bc3d6ab3d8, 39af2a17-08ce-4282-8dd0-de4efe79980f, 4fc222e3-9728-408a-b24b-171c919f81ea",
bd408b63-be60-4eef-93b2-4334d20144fd,Alice Miller,alice.miller@example.com,1/7/1988,102 Oak St,, Springfield, OH,,"37979873-7c28-4b44-83ee-438c3e6810e9, 4fc222e3-9728-408a-b24b-171c919f81ea, f66e3050-2b7f-4d30-bc1e-f1c26d6a2aa2, 49150744-aac2-44f9-8ca0-05ae90757bac",
b2c720fe-b6c5-4670-bd8e-6d0fa78c0656,Alice Moore,alice.moore@example.com,2/11/1960,329 Oak St,, Springfield, NY,,"9cbfac3c-fb8a-4ebd-b677-c223a57ac329, dda33b53-0fff-4371-8a45-35a2192e86e8, 2390b2fb-f180-48d3-989d-5e359fdf867c, bcf5b4b8-c773-40a4-9ec1-9767753c0d44",
6f4fc7cd-690b-41b2-83b2-48e5f067f250,Alice Smith,alice.smith@example.com,12/14/1960,413 Birch St,, Georgetown, CA,,"2c4e188e-85c2-4366-b282-d70974be0631, f6cf2da9-277c-4780-8c18-2a4727d35f64, b33ae65d-523e-48c6-b10e-59346e1c6523",0851e07e-e76e-4533-b8e2-62044212c4fe
439b90ed-d7ea-4256-a205-3ffac2f52b8b,Alice Taylor,alice.taylor@example.com,2/25/1962,793 Oak St,, Springfield, OH,,"8402b4cd-a049-4ae7-8649-16af0c4c8c62, 4d0b9e50-43d1-4da0-af2b-97d510bab9e2",2da151c6-c716-4324-9f5f-130db2b0fa3d
0fb01c62-21b7-43fc-a631-d2fcdd949e0a,Alice Williams,alice.williams@example.com,9/6/1958,965 Birch St,, Greenville, NY,,39af2a17-08ce-4282-8dd0-de4efe79980f,
cc459476-2743-4f18-9149-8b96fb507584,Alice Wilson,alice.wilson@example.com,12/17/1984,947 Spruce St,, Riverside, OH,,"1e0ce7f9-cbf4-44c4-bfb7-725db39d17ea, fa7f1f45-106f-4e8d-bd8c-cce0fd276256, 2c4e188e-85c2-4366-b282-d70974be0631, 38b9874d-dd51-433a-bea9-2ef3ec79cb21, ad1e7d8e-5114-413f-921d-a35552003ee4",cbecf776-f12b-4975-bb06-05972c74723b
672eb3b9-7243-4766-ad24-9144a1a1d3be,Bob Brown,bob.brown@example.com,6/22/1992,722 Birch St,, Fairview, CA,,"ad1e7d8e-5114-413f-921d-a35552003ee4, c782f52b-d7ac-47f5-836a-376e4fccf31f, 19a8bee2-7566-411a-9919-61d44ccc81ef",
891821f2-b6cf-4eb3-81f4-dc361a394f3a,Bob Davis,bob.davis@example.com,6/3/1956,136 Pine St,, Georgetown, IL,,"6b796d48-625b-4acf-96db-141d2e7d7b4b, cb7207d7-79d6-497f-a7e6-ceebd62576db",b59f9884-110e-4a16-8d2f-5bf416365bc9
f1005104-0c61-4427-80ad-fa91db012adc,Bob Doe,bob.doe@example.com,9/1/1976,284 Elm St,, Georgetown, PA,,"c782f52b-d7ac-47f5-836a-376e4fccf31f, 19a8bee2-7566-411a-9919-61d44ccc81ef, c782f52b-d7ac-47f5-836a-376e4fccf31f",
b6385e80-a3fc-4713-86a3-7f84a29a3156,Bob Johnson,bob.johnson@example.com,1/24/1973,230 Spruce St,, Salem, CA,,"4ff85e34-9da3-47f2-beee-ec6175d82186, f66e3050-2b7f-4d30-bc1e-f1c26d6a2aa2",9a90a3f6-d6b4-432b-b6b7-57e48c53070b
5963eba5-d6da-4298-bb22-4e118b96f26b,Bob Miller,bob.miller@example.com,3/19/1962,394 Oak St,, Riverside, NY,,,3a0fafc3-3834-4d74-ad24-890c903a8864
951ce315-8792-4325-afa5-33fbea08b8c3,Bob Moore,bob.moore@example.com,3/11/1996,968 Pine St,, Salem, TX,,"4d0b9e50-43d1-4da0-af2b-97d510bab9e2, bcf5b4b8-c773-40a4-9ec1-9767753c0d44",
4f75e6ca-533d-4a93-b273-3d7db4f823e4,Bob Smith,bob.smith@example.com,10/3/1965,521 Spruce St,, Springfield, FL,,"1e0ce7f9-cbf4-44c4-bfb7-725db39d17ea, 2390b2fb-f180-48d3-989d-5e359fdf867c, 37979873-7c28-4b44-83ee-438c3e6810e9",655468a2-d6dc-4dd2-84ac-7f0002299386
40c6de4b-3d44-4c41-96dd-6cfca9f2bcc5,Bob Taylor,bob.taylor@example.com,7/9/1977,859 Pine St,, Fairview, FL,,"37b765f0-fc71-4c9c-838b-f3a5ce0706ff, 3c0ebd74-4105-4532-a321-39bc3d6ab3d8, edca0a28-476b-4782-86be-a06806d87ab8, ad1e7d8e-5114-413f-921d-a35552003ee4, 49f57722-52fb-47b6-8e1e-54de177e0d19",87a98948-0ce5-4f7c-9e91-1dbc6de875e0
97ab62bb-b25a-4474-86f8-4aaf35d8f6d6,Bob Williams,bob.williams@example.com,8/28/1969,656 Maple St,, Fairview, TX,,"4d0b9e50-43d1-4da0-af2b-97d510bab9e2, bcf5b4b8-c773-40a4-9ec1-9767753c0d44, f66e3050-2b7f-4d30-bc1e-f1c26d6a2aa2, 2390b2fb-f180-48d3-989d-5e359fdf867c, f6cf2da9-277c-4780-8c18-2a4727d35f64",ac531dfa-0db6-4fd7-a3f3-5d675de7c750
a8c2c000-620a-4d13-b4a4-29027cb4bfe3,Bob Wilson,bob.wilson@example.com,12/21/1997,139 Cedar St,, Salem, CA,,,
b2857a4c-6b82-4f88-a91b-d8557456c226,David Brown,david.brown@example.com,2/23/1986,240 Elm St,, Springfield, TX,,"cb7207d7-79d6-497f-a7e6-ceebd62576db, 37979873-7c28-4b44-83ee-438c3e6810e9, 4d0b9e50-43d1-4da0-af2b-97d510bab9e2, 6dfeb9a0-918b-4038-ae4f-63ab374b9311",
e92704a6-7f85-4d98-b86a-720fea990af3,David Davis,david.davis@example.com,5/2/1988,609 Oak St,, Greenville, IL,,,
98c695fe-e802-4df1-9739-285c0e475e5a,David Doe,david.doe@example.com,9/8/1992,251 Birch St,, Salem, PA,,6b796d48-625b-4acf-96db-141d2e7d7b4b,b81f7bc9-90f6-4185-ab50-e2c0699e90df
0d92bcb1-f7b2-4c94-875c-1c0c250f7aec,David Johnson,david.johnson@example.com,4/3/1983,952 Spruce St,, Greenville, FL,,"49150744-aac2-44f9-8ca0-05ae90757bac, 2c6e4248-da4d-4cb3-ac58-3cd04aa203fa",
d7f103c9-7070-4a31-9234-a53ad9a58300,David Miller,david.miller@example.com,10/6/1986,788 Spruce St,, Salem, OH,,4fc222e3-9728-408a-b24b-171c919f81ea,bc010d01-535b-44d9-a8e5-93ab9c98a026
1838a5b6-db38-4111-ab13-794b8ecb1129,David Moore,david.moore@example.com,2/14/1983,760 Birch St,, Fairview, PA,,,
7d71ab56-4b4a-4764-a432-c6c5c16b2488,David Smith,david.smith@example.com,7/28/1983,936 Oak St,, Springfield, FL,,2c6e4248-da4d-4cb3-ac58-3cd04aa203fa,2e5c0901-195f-4a3c-80ff-fc39e346e41e
7b1fb398-72d7-421e-808c-631a427bfbc4,David Taylor,david.taylor@example.com,8/15/1992,767 Walnut St,, Georgetown, OH,,2c6e4248-da4d-4cb3-ac58-3cd04aa203fa,
8086c811-84be-43f2-8fb7-52660bb63b1e,David Williams,david.williams@example.com,8/21/1988,232 Birch St,, Georgetown, PA,,"8402b4cd-a049-4ae7-8649-16af0c4c8c62, 3100982d-c037-4a3f-a3ed-83e66b248c8d, bcf5b4b8-c773-40a4-9ec1-9767753c0d44",
82f03452-4d79-4b76-9a1c-7040dfcec253,David Wilson,david.wilson@example.com,10/3/1992,151 Walnut St,, Fairview, FL,,"2c6e4248-da4d-4cb3-ac58-3cd04aa203fa, 3100982d-c037-4a3f-a3ed-83e66b248c8d, 5d92edf2-5248-4363-8e50-f18ad6a67a8c, edca0a28-476b-4782-86be-a06806d87ab8, cb7207d7-79d6-497f-a7e6-ceebd62576db",1181ac83-1fdb-4e18-b42f-a44b360a1e67
82a1e50c-dfd2-4190-a043-fa0013e00a57,Emily Brown,emily.brown@example.com,4/15/1988,322 Cedar St,, Salem, FL,,6b796d48-625b-4acf-96db-141d2e7d7b4b,7e9f39d1-4385-495b-b485-5bceff951057
64772f74-cda0-4fc1-8ece-d89d8cf621da,Emily Davis,emily.davis@example.com,9/11/1960,236 Pine St,, Madison, PA,,"c782f52b-d7ac-47f5-836a-376e4fccf31f, 3100982d-c037-4a3f-a3ed-83e66b248c8d, 38b9874d-dd51-433a-bea9-2ef3ec79cb21, ad1e7d8e-5114-413f-921d-a35552003ee4",
96205bfa-34df-4644-af35-50f404373030,Emily Doe,emily.doe@example.com,1/16/1962,447 Maple St,, Riverside, CA,,"49f57722-52fb-47b6-8e1e-54de177e0d19, b33ae65d-523e-48c6-b10e-59346e1c6523, 38b9874d-dd51-433a-bea9-2ef3ec79cb21",
dab29567-062b-4544-bd95-cd3808184408,Emily Johnson,emily.johnson@example.com,5/25/1962,230 Pine St,, Fairview, NY,,"2390b2fb-f180-48d3-989d-5e359fdf867c, 9cbfac3c-fb8a-4ebd-b677-c223a57ac329, 9dd4dfda-b0d2-4d4a-8642-a44db00f4a15",525c9c0b-f649-4886-a9c7-a94f51593f0b
723a2264-1065-4651-ab25-78e5319211f8,Emily Miller,emily.miller@example.com,12/9/1972,169 Elm St,, Riverside, FL,,"4ff85e34-9da3-47f2-beee-ec6175d82186, b33ae65d-523e-48c6-b10e-59346e1c6523, 8402b4cd-a049-4ae7-8649-16af0c4c8c62",
29468257-12ce-45da-a17c-c69e776c7e69,Emily Moore,emily.moore@example.com,5/31/1957,175 Walnut St,, Springfield, CA,,,
60d6e703-3d14-47f1-b682-f7d59489c5aa,Emily Smith,emily.smith@example.com,6/10/1988,648 Spruce St,, Riverside, FL,,9dd4dfda-b0d2-4d4a-8642-a44db00f4a15,2116a2c8-4fb3-435a-ad11-3cb5bc9a3baa
3ff52f27-5f8e-4767-b1cd-549f2f244cc5,Emily Taylor,emily.taylor@example.com,1/9/1997,286 Spruce St,, Salem, NY,,"d3d06262-f539-4a05-9e71-6e6113e9529b, f6cf2da9-277c-4780-8c18-2a4727d35f64, dda33b53-0fff-4371-8a45-35a2192e86e8, 1eeb53c2-5e82-4c6a-a81f-bea4af78b2f8, b43b2475-66e9-49df-b826-4dbb0bb15b8b",c2e2984c-72bb-4ebe-8798-25199bba2d3b
08515d01-e2e0-4f59-bc57-caa688304fe3,Emily Williams,emily.williams@example.com,12/16/1988,960 Walnut St,, Riverside, NY,,,
784ca0e6-694d-4d25-ba5d-c80178808874,Emily Wilson,emily.wilson@example.com,1/5/1991,992 Birch St,, Springfield, NY,,"dda33b53-0fff-4371-8a45-35a2192e86e8, e00c66ff-cb22-45b1-a5e8-8b3cde249016, dda33b53-0fff-4371-8a45-35a2192e86e8, e0bad25d-7fb1-4dd7-a0e8-a11b41dcd281, ad1e7d8e-5114-413f-921d-a35552003ee4",95426303-c1af-44d1-bfcd-a9c011352b6c
5afe5ece-24ca-4ad4-94a5-9c0951779e62,James Brown,james.brown@example.com,7/25/1996,193 Cedar St,, Greenville, IL,,"9cbfac3c-fb8a-4ebd-b677-c223a57ac329, b33ae65d-523e-48c6-b10e-59346e1c6523",
78383456-9740-463e-8058-cd49381b0b81,James Davis,james.davis@example.com,4/16/1966,689 Oak St,, Fairview, IL,,"37979873-7c28-4b44-83ee-438c3e6810e9, 5d92edf2-5248-4363-8e50-f18ad6a67a8c, 38b9874d-dd51-433a-bea9-2ef3ec79cb21",
c47e5c81-4438-42ef-b883-0c6873e0fb38,James Doe,james.doe@example.com,9/12/1976,687 Walnut St,, Riverside, PA,,"37b765f0-fc71-4c9c-838b-f3a5ce0706ff, b33ae65d-523e-48c6-b10e-59346e1c6523, dda33b53-0fff-4371-8a45-35a2192e86e8",
18c46803-1a4a-40b4-bccb-66b9c1149108,James Johnson,james.johnson@example.com,12/9/2000,278 Walnut St,, Salem, CA,,,
0062654f-b7f9-4056-8c5b-3ef5726f5cd9,James Miller,james.miller@example.com,3/15/1972,573 Cedar St,, Madison, PA,,"4ff85e34-9da3-47f2-beee-ec6175d82186, b33ae65d-523e-48c6-b10e-59346e1c6523, 5d92edf2-5248-4363-8e50-f18ad6a67a8c",1d8eb8d8-5029-4fb4-a85f-004215e8333d
cfda8cc4-0c45-47a0-ba16-13b9916424cc,James Moore,james.moore@example.com,5/24/1966,559 Oak St,, Fairview, IL,,"2390b2fb-f180-48d3-989d-5e359fdf867c, e00c66ff-cb22-45b1-a5e8-8b3cde249016, 19a8bee2-7566-411a-9919-61d44ccc81ef, d3d06262-f539-4a05-9e71-6e6113e9529b",
e8ad3aab-24dd-4d31-ab59-ed4374eb68fc,James Smith,james.smith@example.com,1/22/1990,720 Walnut St,, Georgetown, TX,,"49f57722-52fb-47b6-8e1e-54de177e0d19, 6b796d48-625b-4acf-96db-141d2e7d7b4b, f66e3050-2b7f-4d30-bc1e-f1c26d6a2aa2, 3c0ebd74-4105-4532-a321-39bc3d6ab3d8",57d37ce6-9639-481b-a8a2-3c750e1bd712
8078b4cf-c3e6-4cab-b5b0-731f3df79526,James Taylor,james.taylor@example.com,10/24/1954,253 Walnut St,, Georgetown, PA,,,
c5da647a-2a32-4707-983a-76c102447e4e,James Williams,james.williams@example.com,8/18/1955,224 Oak St,, Riverside, OH,,"19a8bee2-7566-411a-9919-61d44ccc81ef, 9dd4dfda-b0d2-4d4a-8642-a44db00f4a15, cb7207d7-79d6-497f-a7e6-ceebd62576db, 2c6e4248-da4d-4cb3-ac58-3cd04aa203fa, 9dd4dfda-b0d2-4d4a-8642-a44db00f4a15",
50f27b10-2c31-4b52-b0fb-ec3017b33c12,James Wilson,james.wilson@example.com,2/8/1978,352 Cedar St,, Greenville, NY,,,7978a876-3872-4aa9-b08d-dfd1b2399832
0fcb5492-5b97-44b2-bd87-395e2c16c0d7,Jane Brown,jane.brown@example.com,12/16/1976,255 Oak St,, Madison, TX,,"edca0a28-476b-4782-86be-a06806d87ab8, b33ae65d-523e-48c6-b10e-59346e1c6523, c782f52b-d7ac-47f5-836a-376e4fccf31f",
7102ff6d-9774-4be3-a9dd-e400aa5b3313,Jane Davis,jane.davis@example.com,3/23/1959,862 Birch St,, Madison, OH,,"12c5d420-9bbc-455d-9794-7780bc5fea5b, 49f57722-52fb-47b6-8e1e-54de177e0d19",5c47cf06-129c-4b5a-9684-fc16ccb6e794
5b10bfd7-62bf-4f7a-b660-b881ddc1deb3,Jane Doe,jane.doe@example.com,2/15/1989,653 Cedar St,, Fairview, OH,,"9dd4dfda-b0d2-4d4a-8642-a44db00f4a15, d3d06262-f539-4a05-9e71-6e6113e9529b, 19a8bee2-7566-411a-9919-61d44ccc81ef, 1e0ce7f9-cbf4-44c4-bfb7-725db39d17ea",
9874f222-e125-4f87-a19a-d3863246c801,Jane Johnson,jane.johnson@example.com,1/19/1965,337 Walnut St,, Springfield, PA,,"37979873-7c28-4b44-83ee-438c3e6810e9, 5d92edf2-5248-4363-8e50-f18ad6a67a8c, 12c5d420-9bbc-455d-9794-7780bc5fea5b",
eddbd1bb-485f-43a2-8ea3-b1f8e405c273,Jane Miller,jane.miller@example.com,7/1/1978,632 Walnut St,, Springfield, IL,,"38b9874d-dd51-433a-bea9-2ef3ec79cb21, 19a8bee2-7566-411a-9919-61d44ccc81ef, 4fc222e3-9728-408a-b24b-171c919f81ea, edca0a28-476b-4782-86be-a06806d87ab8",ea248782-1d52-4ae4-b1f5-39434757e350
6a064f14-b3c5-4a5c-beed-7d721cd3918c,Jane Moore,jane.moore@example.com,12/16/1951,563 Walnut St,, Georgetown, CA,,"f66e3050-2b7f-4d30-bc1e-f1c26d6a2aa2, f6cf2da9-277c-4780-8c18-2a4727d35f64, 3100982d-c037-4a3f-a3ed-83e66b248c8d, dda33b53-0fff-4371-8a45-35a2192e86e8, f6cf2da9-277c-4780-8c18-2a4727d35f64",
4c8c340b-aca5-4013-a702-b936b6e8f663,Jane Smith,jane.smith@example.com,10/6/1995,759 Cedar St,, Springfield, NY,,"39af2a17-08ce-4282-8dd0-de4efe79980f, 4fc222e3-9728-408a-b24b-171c919f81ea, c782f52b-d7ac-47f5-836a-376e4fccf31f, 9dd4dfda-b0d2-4d4a-8642-a44db00f4a15, ad1e7d8e-5114-413f-921d-a35552003ee4",
c4a82bb0-ba9d-446f-a121-ba7d2996c39e,Jane Taylor,jane.taylor@example.com,5/29/1955,766 Cedar St,, Madison, FL,,"dda33b53-0fff-4371-8a45-35a2192e86e8, b33ae65d-523e-48c6-b10e-59346e1c6523, 521b6a84-52f2-488c-b310-c95ae8ff1021, edca0a28-476b-4782-86be-a06806d87ab8",
8dcda979-71d2-4a12-b846-cb1a575bcb24,Jane Williams,jane.williams@example.com,4/23/1964,754 Birch St,, Georgetown, PA,,,
99a4b233-2804-420b-b757-039f0f3cceb7,Jane Wilson,jane.wilson@example.com,8/20/1969,168 Birch St,, Riverside, FL,,"e00c66ff-cb22-45b1-a5e8-8b3cde249016, 49f57722-52fb-47b6-8e1e-54de177e0d19",
cc3b2df2-a593-493e-af82-1f0d11c7439b,John Brown,john.brown@example.com,12/14/1967,726 Maple St,, Fairview, PA,,,a32b34cf-0356-4739-ab43-4a9ed70818f8
c097be42-b137-4532-9b6b-fab2ed7be18d,John Davis,john.davis@example.com,9/3/1966,363 Elm St,, Greenville, OH,,"edca0a28-476b-4782-86be-a06806d87ab8, 49f57722-52fb-47b6-8e1e-54de177e0d19, cb7207d7-79d6-497f-a7e6-ceebd62576db, 1e0ce7f9-cbf4-44c4-bfb7-725db39d17ea, 9cbfac3c-fb8a-4ebd-b677-c223a57ac329",
c41e0adf-e5d4-441e-bba3-ab3eb01c4645,John Doe,john.doe@example.com,3/17/2000,130 Birch St,, Springfield, FL,,"f66e3050-2b7f-4d30-bc1e-f1c26d6a2aa2, 2c4e188e-85c2-4366-b282-d70974be0631, 3100982d-c037-4a3f-a3ed-83e66b248c8d",79c08775-d745-49fd-975d-edf8628debc5
61542117-751f-4382-8e6f-b2ad7f4c17f2,John Johnson,john.johnson@example.com,9/17/1982,673 Pine St,, Fairview, IL,,"d3d06262-f539-4a05-9e71-6e6113e9529b, e00c66ff-cb22-45b1-a5e8-8b3cde249016, dda33b53-0fff-4371-8a45-35a2192e86e8",
a5992ead-879e-4ed9-8cd4-97cce9a6856f,John Miller,john.miller@example.com,1/24/1952,271 Spruce St,, Georgetown, TX,,"1eeb53c2-5e82-4c6a-a81f-bea4af78b2f8, f6cf2da9-277c-4780-8c18-2a4727d35f64, 6b796d48-625b-4acf-96db-141d2e7d7b4b, 3100982d-c037-4a3f-a3ed-83e66b248c8d",b1e9bd7e-cc17-436d-8c89-54978874200c
9bcb32b8-234d-42e2-9dd9-c49399ab95f4,John Moore,john.moore@example.com,8/14/1987,145 Spruce St,, Madison, TX,,4ae8186a-1c4d-4b5e-8e7e-385e8b3e9c79,
da88da77-1d78-4cc0-bc2f-80be282e8ce6,John Smith,john.smith@example.com,6/27/1988,860 Cedar St,, Madison, PA,,,6844029c-7429-44c5-b281-d0320f27618a
f936e320-a908-49bc-8683-412711884553,John Taylor,john.taylor@example.com,8/30/1977,106 Birch St,, Madison, TX,,"38b9874d-dd51-433a-bea9-2ef3ec79cb21, 4ae8186a-1c4d-4b5e-8e7e-385e8b3e9c79",d9d0e1da-bc81-40b5-8038-9679c7895ed5
65d6d385-ba86-450f-bc1b-c308944eb28c,John Williams,john.williams@example.com,7/3/1987,462 Cedar St,, Madison, TX,,"f6cf2da9-277c-4780-8c18-2a4727d35f64, c782f52b-d7ac-47f5-836a-376e4fccf31f",108af9fc-e263-4662-a637-3773d3355db8
0d54122e-ce34-4bac-882c-1d9b1c5d1fc7,John Wilson,john.wilson@example.com,11/3/1988,545 Cedar St,, Greenville, PA,,"37979873-7c28-4b44-83ee-438c3e6810e9, 2390b2fb-f180-48d3-989d-5e359fdf867c, f6cf2da9-277c-4780-8c18-2a4727d35f64, cb7207d7-79d6-497f-a7e6-ceebd62576db",8b7d88ce-821c-4c27-8784-fea7977d432e
ae82afd8-fc74-4e1a-97b5-a4ab0312f053,Linda Brown,linda.brown@example.com,3/8/1994,538 Walnut St,, Greenville, OH,,,
339c1526-9b86-407a-8b5c-6ed4c7bf7064,Linda Davis,linda.davis@example.com,3/8/1971,506 Walnut St,, Greenville, IL,,d3d06262-f539-4a05-9e71-6e6113e9529b,378c5576-5c56-4e44-8e49-be6a7401db37
c958ef40-8765-4b9c-b0a3-da0deb8ec08b,Linda Doe,linda.doe@example.com,9/29/1988,743 Spruce St,, Springfield, IL,,2c6e4248-da4d-4cb3-ac58-3cd04aa203fa,b452029f-43b2-425a-85bb-659367b67a82
f2546444-d125-4d07-8382-437b4e81eb12,Linda Johnson,linda.johnson@example.com,8/15/1961,907 Pine St,, Riverside, OH,,"2c6e4248-da4d-4cb3-ac58-3cd04aa203fa, 8402b4cd-a049-4ae7-8649-16af0c4c8c62, c782f52b-d7ac-47f5-836a-376e4fccf31f",
676eb082-9298-44a3-bdf4-af43ba8ad72f,Linda Miller,linda.miller@example.com,5/13/1963,507 Elm St,, Salem, IL,,37979873-7c28-4b44-83ee-438c3e6810e9,cf3c19ee-137f-4213-bba8-528f857ed1c2
3e0fe6cb-9092-4729-bae6-ab2547203e82,Linda Moore,linda.moore@example.com,9/27/1979,273 Elm St,, Greenville, OH,,"1e0ce7f9-cbf4-44c4-bfb7-725db39d17ea, 4d0b9e50-43d1-4da0-af2b-97d510bab9e2, fa7f1f45-106f-4e8d-bd8c-cce0fd276256",
7a34acc6-7e9d-4a48-8cde-2e89e4e36b28,Linda Smith,linda.smith@example.com,1/17/1990,588 Oak St,, Fairview, NY,,"521b6a84-52f2-488c-b310-c95ae8ff1021, f6cf2da9-277c-4780-8c18-2a4727d35f64",7d97f50c-65c4-4c86-a436-5e9d2fc5c2ff
cb669177-4020-4284-a3dc-9a0c312411d4,Linda Taylor,linda.taylor@example.com,12/4/1983,171 Spruce St,, Riverside, TX,,"8402b4cd-a049-4ae7-8649-16af0c4c8c62, 37b765f0-fc71-4c9c-838b-f3a5ce0706ff",01f250f6-a3a3-492b-ba52-3f53f4483316
08779a04-1771-4c43-875a-7260f34ff122,Linda Williams,linda.williams@example.com,11/14/1966,876 Pine St,, Georgetown, FL,,"4d0b9e50-43d1-4da0-af2b-97d510bab9e2, 4d0b9e50-43d1-4da0-af2b-97d510bab9e2",7b7b2b22-c12f-49ad-973a-fa07bbfb8174
58e411a6-5607-4c9b-9b6d-c68d8fc8b4be,Linda Wilson,linda.wilson@example.com,11/12/1959,877 Walnut St,, Riverside, PA,,"8402b4cd-a049-4ae7-8649-16af0c4c8c62, edca0a28-476b-4782-86be-a06806d87ab8",
b9caf4d6-d2a6-41e4-9303-38e10bd88b4f,Michael Brown,michael.brown@example.com,8/17/1961,335 Pine St,, Riverside, NY,,"c782f52b-d7ac-47f5-836a-376e4fccf31f, f6cf2da9-277c-4780-8c18-2a4727d35f64",80a10d36-7718-40c6-86ef-ee894f021a73
2045e65b-0845-4d48-88f3-19c708a836cf,Michael Davis,michael.davis@example.com,4/24/1991,462 Walnut St,, Madison, IL,,"dda33b53-0fff-4371-8a45-35a2192e86e8, 2c4e188e-85c2-4366-b282-d70974be0631, 12c5d420-9bbc-455d-9794-7780bc5fea5b",
5277af22-3b20-4316-9aa2-06d32bb7e1b5,Michael Doe,michael.doe@example.com,8/27/1964,649 Spruce St,, Madison, IL,,"2390b2fb-f180-48d3-989d-5e359fdf867c, 12c5d420-9bbc-455d-9794-7780bc5fea5b, 9cbfac3c-fb8a-4ebd-b677-c223a57ac329",5d7e8a45-3416-448c-9352-918f1bc4831c
34669942-871e-4c50-a47b-ad8ffa65a4c7,Michael Johnson,michael.johnson@example.com,5/14/1978,352 Walnut St,, Riverside, PA,,"37979873-7c28-4b44-83ee-438c3e6810e9, 2c4e188e-85c2-4366-b282-d70974be0631, 4fc222e3-9728-408a-b24b-171c919f81ea, 3100982d-c037-4a3f-a3ed-83e66b248c8d, 4ff85e34-9da3-47f2-beee-ec6175d82186",
3f33b31e-b2b8-40e0-9f35-142548ed5189,Michael Miller,michael.miller@example.com,2/9/1962,583 Elm St,, Salem, PA,,"1e0ce7f9-cbf4-44c4-bfb7-725db39d17ea, f66e3050-2b7f-4d30-bc1e-f1c26d6a2aa2, ad1e7d8e-5114-413f-921d-a35552003ee4",
48d9bd03-4aa6-42ef-9d94-89ac6d706f31,Michael Moore,michael.moore@example.com,5/5/1982,983 Spruce St,, Georgetown, FL,,"e00c66ff-cb22-45b1-a5e8-8b3cde249016, b43b2475-66e9-49df-b826-4dbb0bb15b8b, 2c4e188e-85c2-4366-b282-d70974be0631, 2390b2fb-f180-48d3-989d-5e359fdf867c, ad1e7d8e-5114-413f-921d-a35552003ee4",
afce117e-f675-4c8c-b830-7d0624c35d40,Michael Smith,michael.smith@example.com,5/18/1966,970 Pine St,, Georgetown, OH,,"39af2a17-08ce-4282-8dd0-de4efe79980f, c782f52b-d7ac-47f5-836a-376e4fccf31f, 37b765f0-fc71-4c9c-838b-f3a5ce0706ff",
61bfeaa6-e7db-4c31-a5d3-bc175c78c27c,Michael Taylor,michael.taylor@example.com,10/25/1957,844 Oak St,, Fairview, NY,,"cb7207d7-79d6-497f-a7e6-ceebd62576db, 12c5d420-9bbc-455d-9794-7780bc5fea5b, 1e0ce7f9-cbf4-44c4-bfb7-725db39d17ea, 4ff85e34-9da3-47f2-beee-ec6175d82186, 3100982d-c037-4a3f-a3ed-83e66b248c8d",d26eecc5-5bf4-4bfc-8e72-a6043b8d0092
c4d33385-848f-42f6-843b-220fa0b0f8fc,Michael Williams,michael.williams@example.com,8/8/1994,847 Walnut St,, Madison, TX,,"fa7f1f45-106f-4e8d-bd8c-cce0fd276256, e0bad25d-7fb1-4dd7-a0e8-a11b41dcd281",3a0cd40a-bd21-4359-9b36-c4bf30380f9b
c08be963-2753-422c-8dfc-6ae00d248777,Michael Wilson,michael.wilson@example.com,8/5/1965,181 Walnut St,, Georgetown, NY,,"2390b2fb-f180-48d3-989d-5e359fdf867c, 49f57722-52fb-47b6-8e1e-54de177e0d19, 3c0ebd74-4105-4532-a321-39bc3d6ab3d8",
114ac99a-b2e2-4da9-844b-0bc5b5d40ec6,Sarah Brown,sarah.brown@example.com,11/3/1975,177 Oak St,, Springfield, CA,,"3100982d-c037-4a3f-a3ed-83e66b248c8d, ad1e7d8e-5114-413f-921d-a35552003ee4, e0bad25d-7fb1-4dd7-a0e8-a11b41dcd281, 2390b2fb-f180-48d3-989d-5e359fdf867c",
d54feca6-eb09-4381-ae61-e5c7da4fba7a,Sarah Davis,sarah.davis@example.com,2/4/1954,189 Elm St,, Springfield, CA,,"49150744-aac2-44f9-8ca0-05ae90757bac, b33ae65d-523e-48c6-b10e-59346e1c6523",
ba1443a2-dfeb-441b-b41d-078b36416704,Sarah Doe,sarah.doe@example.com,8/31/1986,987 Walnut St,, Georgetown, OH,,"4d0b9e50-43d1-4da0-af2b-97d510bab9e2, b43b2475-66e9-49df-b826-4dbb0bb15b8b, f6cf2da9-277c-4780-8c18-2a4727d35f64, 6dfeb9a0-918b-4038-ae4f-63ab374b9311, edca0a28-476b-4782-86be-a06806d87ab8",f8ef5ea9-e2bf-4eda-9d7a-c7cdf30dc649
0a10e180-a33a-4d04-8519-ae951f56b478,Sarah Johnson,sarah.johnson@example.com,12/18/1999,719 Maple St,, Madison, CA,,"9dd4dfda-b0d2-4d4a-8642-a44db00f4a15, b33ae65d-523e-48c6-b10e-59346e1c6523, f6cf2da9-277c-4780-8c18-2a4727d35f64, 8402b4cd-a049-4ae7-8649-16af0c4c8c62, 38b9874d-dd51-433a-bea9-2ef3ec79cb21",
57101157-bd0a-4615-8778-df69fe8360c6,Sarah Miller,sarah.miller@example.com,6/24/1950,710 Elm St,, Riverside, OH,,4d0b9e50-43d1-4da0-af2b-97d510bab9e2,
f15909a1-9b5a-4726-9d91-0ac6470190cb,Sarah Moore,sarah.moore@example.com,9/2/1974,591 Birch St,, Georgetown, OH,,"12c5d420-9bbc-455d-9794-7780bc5fea5b, c782f52b-d7ac-47f5-836a-376e4fccf31f",3f841a45-7715-416d-ad00-9b458ab6fdbf
4632ced6-53f0-4eea-995d-2496d19a806c,Sarah Smith,sarah.smith@example.com,6/28/1981,189 Pine St,, Fairview, PA,,,
077ff601-fbf4-429c-94ea-ae4f266a0273,Sarah Taylor,sarah.taylor@example.com,6/22/1961,104 Cedar St,, Greenville, PA,,"f6cf2da9-277c-4780-8c18-2a4727d35f64, 521b6a84-52f2-488c-b310-c95ae8ff1021, dda33b53-0fff-4371-8a45-35a2192e86e8",
ef47e5c7-7c98-4416-9ce0-c6c9d82001cf,Sarah Williams,sarah.williams@example.com,3/25/1978,830 Birch St,, Fairview, NY,,"3100982d-c037-4a3f-a3ed-83e66b248c8d, 2c6e4248-da4d-4cb3-ac58-3cd04aa203fa",
0851484b-c52e-4aee-a70b-db62043c7b92,Sarah Wilson,sarah.wilson@example.com,8/13/1996,436 Elm St,, Salem, FL,,6dfeb9a0-918b-4038-ae4f-63ab374b9311,3be41337-2781-4385-858e-d8ff593d383c
